codigo	mediaOperacoes90Dias	uf	cidade
229	95	RS	CANOAS
21	91	RS	SANTA ROSA
49	84	RS	SANTANA DO LIVRAMENTO
300	84	RS	BAGE
90	74	RS	ITAQUI
255	71	RS	SAO LEOPOLDO
44	69	RS	ALEGRETE
257	68	RS	Gramado
51	67	RS	SAO GABRIEL
115	66	RS	CACAPAVA DO SUL
224	65	RS	PASSO FUNDO
86	60	RS	DOM PEDRITO
25	60	RS	PALMEIRA DAS MISSOES
72	59	RS	CRUZ ALTA
250	57	SC	LAGES
104	54	RS	SANTA MARIA
48	54	SC	CHAPECO
13	52	RS	SAO BORJA
283	51	SC	Curitibanos
94	49	RS	CARAZINHO
114	49	RS	SAO SEPE
23	49	RS	TRES DE MAIO
122	47	RS	PASSO FUNDO
508	47	RS	CANELA
121	46	RS	SAO FRANCISCO DE ASSIS
50	46	RS	ROSARIO DO SUL
193	46	RS	CAXIAS DO SUL
185	46	RS	CANELA
194	45	RS	JULIO DE CASTILHOS
24	44	RS	SANTO ANGELO
400	44	SC	CORUPA
102	43	RS	BENTO GONCALVES
303	42	RS	SANTA MARIA
361	42	RS	RIO GRANDE
126	42	RS	GARIBALDI
645	40	RS	CRUZ ALTA
92	40	RS	SANTIAGO
73	40	RS	PASSO FUNDO
15	40	RS	HORIZONTINA
78	39	RS	PAROBE
142	39	RS	CANDELARIA
296	39	RS	PASSO FUNDO
29	39	RS	GIRUA
22	38	RS	SAO LUIZ GONZAGA
198	38	RS	FLORES DA CUNHA
76	38	RS	IBIRUBA
174	38	RS	RIO PARDO
3	38	RS	SANTO CRISTO
12	38	RS	CRISSIUMAL
286	38	RS	CARAZINHO
83	37	RS	MARAU
297	37	RS	ERECHIM
661	37	MS	NOVA ALVORADA DO SUL
37	37	RS	FREDERICO WESTPHALEN
99	37	RS	MONTENEGRO
312	37	RS	SANTA ROSA
341	37	RS	SÃO JOSÉ DO NORTE
27	37	RS	NAO-ME-TOQUE
145	37	RS	TAQUARI
103	37	RS	CANGUCU
156	37	RS	ENCRUZILHADA DO SUL
238	37	PR	TOLEDO
47	36	RS	URUGUAIANA
329	36	PR	SANTA HELENA
295	36	RS	SANTA CRUZ DO SUL
415	36	PR	SAO MATEUS DO SUL
172	36	RS	QUARAI
309	35	RS	URUGUAIANA
325	35	RS	PASSO FUNDO
108	35	RS	SAO LOURENCO DO SUL
579	35	MS	NAVIRAI
268	35	SC	LAGES
186	35	RS	ROQUE GONZALES
216	35	RS	SOBRADINHO
262	35	RS	PORTO ALEGRE
134	34	RS	SAO FRANCISCO DE PAULA
9	34	RS	TUPARENDI
236	34	SC	VIDEIRA
541	34	MS	CAARAPO
180	33	RS	PIRATINI
93	33	RS	BAGE
52	33	RS	PANAMBI
244	32	SC	São Joaquim
19	32	RS	TENENTE PORTELA
16	32	RS	TRES PASSOS
181	32	RS	SANTA CRUZ DO SUL
650	31	MS	TRES LAGOAS
120	31	RS	CACEQUI
46	31	RS	SANTO ANGELO
187	31	RS	SAPUCAIA DO SUL
336	31	RS	SANTA MARIA
385	31	RS	SANTO ANGELO
505	31	SC	SAO JOSE DO CERRITO
129	30	RS	SANTO ANTONIO DA PATRULHA
53	30	RS	ERECHIM
306	30	RS	Bom Jesus
82	30	RS	SAPIRANGA
550	30	PR	CASCAVEL
124	30	RS	CAPAO DA CANOA
65	30	RS	SANTANA DO LIVRAMENTO
206	30	RS	CAXIAS DO SUL
123	29	RS	CACHOEIRA DO SUL
234	29	SC	CAMPOS NOVOS
606	29	MS	DEODAPOLIS
614	29	MS	BATAGUASSU
189	29	RS	TRES COROAS
327	29	PR	PATO BRANCO
84	29	RS	CAMPO BOM
220	29	SC	XANXERE
183	29	RS	CAXIAS DO SUL
191	29	RS	JAGUARAO
215	29	RS	SANTA VITORIA DO PALMAR
331	29	RS	MANOEL VIANA
69	29	RS	JAGUARI
248	29	PR	QUEDAS DO IGUACU
527	29	RS	SANTA MARIA
178	29	RS	VACARIA
403	29	PR	SAO MIGUEL DO IGUACU
263	28	RS	PORTO ALEGRE
494	28	RS	OSORIO
88	28	RS	PELOTAS
95	28	RS	TUPANCIRETA
371	28	RS	PALMITINHO
648	28	PR	RIO BONITO DO IGUACU
524	28	SP	PRESIDENTE EPITACIO
439	28	PR	ORTIGUEIRA
232	28	PR	PATO BRANCO
686	28	PR	MARILUZ
281	28	SC	CHAPECO
391	28	PR	ASSIS CHATEAUBRIAND
184	28	RS	SOLEDADE
222	27	SC	CACADOR
205	27	RS	ALVORADA
81	27	RS	CAMAQUA
85	27	RS	RIO GRANDE
8	27	RS	TUCUNDUVA
111	27	RS	OSORIO
344	27	RS	SAO BORJA
516	27	RS	BOQUEIRAO DO LEAO
7	27	RS	PORTO XAVIER
36	27	RS	ITAQUI
239	27	PR	CASCAVEL
34	26	RS	CAMPINA DAS MISSOES
537	26	SC	IPORA DO OESTE
450	26	RS	LAVRAS DO SUL
149	26	RS	TRIUNFO
273	26	SC	SAO BENTO DO SUL
419	26	SC	ABELARDO LUZ
338	26	RS	TERRA DE AREIA
133	26	RS	SAO PEDRO DO SUL
427	26	RS	CAMBARA DO SUL
445	26	RS	CRISTAL
182	26	RS	PELOTAS
195	26	RS	BAGE
197	26	RS	ERECHIM
425	26	PR	CAMPO MOURAO
151	25	RS	MINAS DO LEAO
501	25	PR	CASCAVEL
647	25	PR	CONGONHINHAS
14	25	RS	SANTA ROSA
26	25	RS	SANTO AUGUSTO
223	25	RS	LAGOA VERMELHA
340	25	RS	VACARIA
532	25	PR	RONCADOR
17	25	RS	BOA VISTA DO BURICA
231	25	RS	VERANOPOLIS
40	25	SC	CONCORDIA
101	25	RS	SAO SEBASTIAO DO CAI
440	25	PR	CIANORTE
146	25	RS	BUTIA
190	25	RS	BAGE
196	25	RS	GETULIO VARGAS
420	25	MS	ELDORADO
569	25	PR	RESERVA
170	25	RS	SAO VICENTE DO SUL
227	25	SC	CHAPECO
43	24	RS	URUGUAIANA
316	24	RS	Entre-Ijuís
356	24	PR	MARMELEIRO
31	24	RS	SARANDI
364	24	RS	AMETISTA DO SUL
75	24	RS	TAPEJARA
602	24	RS	SERTAO SANTANA
362	24	PR	GUAIRA
192	24	RS	ROLANTE
39	24	RS	IJUI
98	24	RS	FARROUPILHA
343	24	RS	FARROUPILHA
323	24	RS	PLANALTO
658	23	PR	IRETAMA
373	23	RS	ARROIO DO SAL
20	23	RS	IJUI
148	23	RS	CHARQUEADAS
441	23	PR	TOLEDO
587	23	PR	FOZ DO IGUACU
678	23	RS	REDENTORA
496	23	PR	S TEREZINHA I.
226	23	RS	SANTA MARIA
557	23	MS	FATIMA DO SUL
41	23	RS	SAO MARTINHO
233	23	PR	UNIAO DA VITORIA
265	23	RS	Arroio Grande
430	23	PR	UMUARAMA
64	23	RS	SANTA MARIA
105	23	RS	NOVA HARTZ
171	23	RS	SANTO ANTONIO DAS MISSOES
10	23	RS	SAO PAULO DAS MISSOES
106	23	RS	ESTANCIA VELHA
128	23	RS	ESPUMOSO
522	22	SC	CRICIUMA
548	22	PR	JOAQUIM TAVORA
631	22	PR	DOURADINA
452	22	PR	PRUDENTOPOLIS
5	22	RS	CANDIDO GODOI
367	22	PR	MANGUEIRINHA
374	22	RS	ALECRIM
549	22	SC	URUBICI
562	22	PR	INACIO MARTINS
35	22	RS	TAPERA
188	22	RS	PINHEIRO MACHADO
585	22	SP	PANORAMA
109	22	RS	CANOAS
202	22	RS	DOIS IRMAOS
406	22	SC	RIO NEGRINHO
529	22	RS	ERVAL SECO
153	21	RS	AGUDO
118	21	RS	PORTAO
337	21	SC	ARARANGUÁ
465	21	PR	RIO AZUL
435	21	RS	BARRA DO RIBEIRO
607	21	PR	MOREIRA SALES
412	21	RS	ARROIO DOS RATOS
649	21	MS	TRES LAGOAS
4	21	RS	CERRO LARGO
117	21	RS	SAO LEOPOLDO
609	21	PR	TIJUCAS DO SUL
135	21	RS	TORRES
318	21	SC	Dionísio Cerqueira
328	21	PR	STO ANT DO SUDOESTE
292	21	RS	Fontoura Xavier
559	21	SP	IGARACU DO TIETE
667	21	RS	CERRO GRANDE DO SUL
18	21	RS	CONSTANTINA
154	21	RS	SANTA CRUZ DO SUL
247	21	RS	Pedro Osório
353	20	PR	CANDOI
666	20	PR	TURVO
112	20	RS	ALEGRETE
372	20	PR	MARECHAL CANDIDO RONDON
596	20	PR	NOVA SANTA ROSA
285	20	RS	Palmares do Sul
526	20	PR	MISSAL
61	20	RS	BOSSOROCA
413	20	RS	MONTENEGRO
422	20	SC	CAPIVARI DE BAIXO
453	20	PR	CHOPINZINHO
519	20	PR	TAPEJARA
595	20	PR	MATELANDIA
358	20	RS	MOSTARDAS
512	20	PR	CASTRO
139	20	RS	LAJEADO
351	20	RS	SANTANA DA BOA VISTA
438	20	PR	PARANAVAI
653	20	MS	ITAPORA
66	20	RS	GRAVATAI
625	19	SP	PIRAJUI
601	19	PR	PRIMEIRO DE MAIO
113	19	RS	TRAMANDAI
330	19	PR	CORBELIA
459	19	PR	RIO NEGRO
536	19	PR	IMBITUVA
289	19	RS	Antônio Prado
433	19	PR	CAFELANDIA
491	19	RS	SAO NICOLAU
161	19	RS	TEUTONIA
270	19	RS	TAPES
284	19	RS	CAXIAS DO SUL
349	19	RS	GUAIBA
467	19	SC	PONTE SERRADA
499	19	PR	NOVA LARANJEIRAS
592	19	PR	SENGES
673	19	RS	HERVAL
131	19	RS	NOVA PRATA
136	19	RS	NOVA PETROPOLIS
322	19	RS	BARROS CASSAL
473	19	SC	HERVAL D'OESTE
540	19	SP	BASTOS
97	19	RS	GUAIBA
503	19	PR	IPORA
520	19	PR	SANTO ANTONIO DA PLATINA
208	19	SC	XAXIM
219	19	RS	RIO GRANDE
566	19	PR	PIRAI DO SUL
577	19	PR	SANTA MARIA DO OESTE
11	19	RS	GUARANI DAS MISSOES
269	18	SC	MAFRA
274	18	PR	Palmas
207	18	SC	MARAVILHA
209	18	RS	IGREJINHA
518	18	PR	TELEMACO BORBA
580	18	RS	CAPELA DE SANTANA
410	18	SC	SANTA CECILIA
418	18	RS	TAQUARA
489	18	PR	PITANGA
593	18	SP	GARCA
600	18	PR	PEABIRU
626	18	SC	CAPINZAL
657	18	PR	CEU AZUL
68	18	RS	PORTO LUCENA
416	18	PR	LARANJEIRAS DO SUL
495	18	PR	ASTORGA
509	18	SC	SOMBRIO
38	18	RS	DOUTOR MAURICIO CARDOSO
110	18	RS	CACHOEIRINHA
107	18	RS	VIAMAO
275	18	SC	São Miguel do Oeste
291	18	RS	PELOTAS
563	18	PR	TERRA RICA
221	18	RS	NONOAI
287	18	RS	SAO GABRIEL
655	18	PR	TEIXEIRA SOARES
62	18	RS	AUGUSTO PESTANA
272	18	RS	Arvorezinha
147	18	RS	SAO JERONIMO
152	17	RS	PANTANO GRANDE
630	17	RS	CANDIOTA
544	17	PR	LOANDA
555	17	MS	ITAQUIRAI
217	17	RS	ARROIO DO TIGRE
684	17	PR	FLORESTA
249	17	SC	CANOINHAS
377	17	SC	FAXINAL DOS GUEDES
523	17	PR	PALMEIRA
201	17	RS	NOVO HAMBURGO
240	17	PR	CORONEL VIVIDA
314	17	RS	Feliz
583	17	SP	TUPI PAULISTA
402	17	SC	SEARA
478	17	PR	LAPA
615	17	PR	TUPASSI
629	17	SP	AGUDOS
663	17	PR	CATANDUVAS
130	17	RS	RESTINGA SECA
368	17	PR	CLEVELANDIA
375	17	RS	GENERAL CAMARA
381	17	PR	CANTAGALO
591	17	PR	SANTA FE
58	17	RS	HUMAITA
319	17	RS	CAXIAS DO SUL
414	17	PR	GOIOERE
460	17	MS	MUNDO NOVO
530	17	PR	TERRA ROXA
166	17	RS	BENTO GONCALVES
313	17	RS	Salto do Jacuí
428	17	PR	NOVA LONDRINA
431	17	RS	CIDREIRA
363	17	SC	PAPANDUVA
245	16	PR	CAPANEMA
619	16	PR	ITAIPULANDIA
59	16	RS	SANTA MARIA
155	16	RS	ARROIO DO MEIO
218	16	RS	SAO MARCOS
290	16	SC	Correia Pinto
366	16	RS	CAIBATE
386	16	PR	CRUZEIRO DO OESTE
141	16	RS	CACHOEIRA DO SUL
258	16	RS	PORTO ALEGRE
382	16	RS	CAXIAS DO SUL
417	16	PR	PARAISO DO NORTE
461	16	PR	GENERAL CARNEIRO
535	16	SP	JUNQUEIROPOLIS
143	16	RS	SINIMBU
354	16	PR	PINHAO
616	16	PR	CAMBIRA
633	16	SC	MONTE CARLO
266	16	RS	PORTO ALEGRE
225	16	SC	PINHALZINHO
267	16	RS	ESTEIO
278	16	RS	Carlos Barbosa
458	16	PR	CAPITAO LEONIDAS MARQUES
159	16	RS	VENANCIO AIRES
282	16	SC	INDAIAL
320	16	RS	SERAFINA CORREA
345	16	PR	FRANCISCO BELTRÃO
346	16	RS	FAXINAL DO SOTURNO
493	16	SC	TUBARAO
531	16	SP	OSVALDO CRUZ
589	16	PR	SANTA CRUZ DE MONTE CASTELO
618	16	RS	PARAISO DO SUL
646	16	RS	TIRADENTES DO SUL
660	16	PR	BOA VISTA DA APARECIDA
138	15	RS	VENANCIO AIRES
551	15	PR	GUARANIACU
485	15	PR	FOZ DO IGUACU
213	15	RS	SANANDUVA
235	15	SC	SAO LOURENCO DO OESTE
387	15	SC	NOVA TRENTO
132	15	RS	NOVA BASSANO
409	15	RS	IBIRAIARAS
635	15	RS	CAXIAS DO SUL
246	15	SC	FRAIBURGO
293	15	RS	Dom Feliciano
342	15	PR	UBIRATÃ
456	15	SC	PALMITOS
56	15	RS	NOVO HAMBURGO
261	15	RS	Rosário do Sul
357	15	PR	DOIS VIZINHOS
443	15	PR	PALMITAL
506	15	PR	IBIPORA
514	15	PR	CAMPINA DA LAGOA
545	15	PR	CRUZ MACHADO
575	15	PR	SAO JOAO
643	15	PR	TERRA BOA
405	15	RS	JOIA
668	15	PR	MAMBORE
60	15	RS	AJURICABA
256	15	PR	Ampére
487	15	PR	FRANCISCO BELTRAO
311	15	RS	Paverama
167	14	RS	FARROUPILHA
324	14	RS	São Miguel das Missões
474	14	SC	TRES BARRAS
498	14	PR	IBAITI
604	14	SC	BOM RETIRO
677	14	PR	ANDIRA
469	14	SC	LEBON REGIS
534	14	SC	FORQUILHINHA
636	14	PR	RIBEIRAO DO PINHAL
652	14	SP	IPAUSSU
679	14	SP	REGENTE FEIJO
390	14	SC	AGROLANDIA
397	14	RS	CHAPADA
479	14	PR	MALLET
556	14	PR	BELA VISTA DO PARAISO
627	14	PR	JESUITAS
370	14	PR	SALTO DO LONTRA
389	14	RS	RODEIO BONITO
449	14	RS	CRUZEIRO DO SUL
578	14	SP	PRESIDENTE VENCESLAU
664	14	PR	FORMOSA DO OESTE
241	14	RS	RONDA ALTA
525	14	PR	IVAI
623	14	RS	VALE DO SOL
659	14	PR	PEROBAL
401	14	RS	NOVA SANTA RITA
437	14	PR	PEROLA
511	14	PR	ALVORADA DO SUL
547	14	SP	PIRAPOZINHO
571	14	MS	NOVA ANDRADINA
472	14	RS	BOM RETIRO DO SUL
280	13	RS	Campo Novo
597	13	SC	DESCANSO
455	13	SC	SIDEROPOLIS
504	13	PR	SAO JOAO DO IVAI
574	13	PR	SERTANOPOLIS
665	13	SC	IPIRA
457	13	SC	IRINEOPOLIS
470	13	PR	REBOUCAS
558	13	PR	MANOEL RIBAS
599	13	SC	ICARA
642	13	RS	BALNEARIO PINHAL
671	13	PR	ALTO PIQUIRI
315	13	RS	São José do Ouro
365	13	SC	POUSO REDONDO
570	13	PR	CORNELIO PROCOPIO
308	13	RS	Seberi
398	13	RS	CONDOR
581	13	SC	IRANI
622	13	PR	IPIRANGA
632	13	PR	ABATIA
685	13	PR	FIGUEIRA
276	13	SC	Taió
603	13	PR	ARARUNA
637	13	SP	TEODORO SAMPAIO
45	13	RS	SANTIAGO
71	13	RS	SANTA BARBARA DO SUL
376	13	SC	ORLEANS
471	13	PR	TIBAGI
334	13	RS	TRÊS CACHOEIRAS
546	13	SC	POMERODE
621	13	SP	PALMITAL
317	13	RS	ALVORADA
388	13	RS	SAPIRANGA
480	13	PR	NOVA AURORA
515	13	RS	PROGRESSO
408	13	RS	SANTA CLARA DO SUL
179	12	RS	IVOTI
564	12	PR	ASSAI
399	12	SC	RODEIO
423	12	RS	SALVADOR DO SUL
144	12	RS	VERA CRUZ
379	12	RS	CORONEL BICACO
394	12	PR	ALTONIA
560	12	MS	IVINHEMA
588	12	PR	CANDIDO DE ABREU
651	12	PR	FAXINAL
253	12	SC	JOACABA
444	12	SC	TURVO
463	12	PR	BARBOSA FERRAZ
500	12	SC	SAO CARLOS
543	12	PR	MANDAGUARI
594	12	PR	ENGENHEIRO BELTRAO
610	12	PR	QUITANDINHA
260	12	RS	GRAVATAI
264	12	RS	PORTO ALEGRE
482	12	SC	ITAPIRANGA
483	12	SC	ALFREDO WAGNER
576	12	PR	URAI
611	12	RS	BROCHIER
634	12	SP	MIRANTE DO PARANAPANEMA
396	12	PR	ITAPEJARA D'OESTE
513	12	PR	NOVA PRATA DO IGUACU
89	12	RS	TAQUARA
259	12	RS	VIAMAO
582	12	PR	JURANDA
539	12	SP	TAGUAI
294	12	SC	Ituporanga
30	11	RS	CRUZ ALTA
676	11	RS	ARATIBA
672	11	SC	MAJOR VIEIRA
252	11	SC	Otacílio Costa
554	11	PR	ARAPOTI
620	11	PR	TRES BARRAS DO PARANA
481	11	RS	TEUTONIA
432	11	SC	BRACO DO NORTE
542	11	SC	NOVA VENEZA
565	11	SC	MONTE CASTELO
55	11	RS	GRAVATAI
640	11	PR	IMBAU
80	11	RS	CATUIPE
451	11	SC	QUILOMBO
598	11	PR	WENCESLAU BRAZ
662	11	PR	RIBEIRAO CLARO
169	11	RS	IMBE
421	11	SC	ITAIOPOLIS
476	11	PR	QUERENCIA DO NORTE
490	11	PR	AGUDOS DO SUL
517	11	PR	PARANACITY
641	11	PR	SAO JORGE DOESTE
680	11	RS	VALE REAL
127	11	RS	LAJEADO
411	11	SC	URUSSANGA
644	11	PR	NOVA ESPERANCA
656	11	SC	ANITA GARIBALDI
584	11	RS	GAURAMA
407	10	PR	PLANALTO
448	10	PR	CURIUVA
670	10	SC	CATANDUVAS
369	10	SC	RIO DO SUL
492	10	SC	CUNHA PORA
502	10	PR	PAICANDU
567	10	MS	AMAMBAI
628	10	PR	CENTENARIO DO SUL
137	10	RS	SANTA CRUZ DO SUL
510	10	PR	ALTO PARANA
687	10	PR	BORRAZOPOLIS
350	10	PR	REALEZA
352	10	SC	SAO LUDGERO
426	10	PR	MEDIANEIRA
486	10	SC	JAGUARUNA
140	10	RS	ESTRELA
199	10	RS	GUAPORE
507	10	PR	SANTA IZABEL DO OESTE
568	10	SC	MONDAI
552	10	RS	BARAO DO COTEGIPE
477	10	PR	CIDADEGAUCHA
355	9	RS	PARAI
624	9	SC	AGUA DOCE
688	9	MS	IGUATEMI
586	9	PR	JAPURA
310	8	RS	Roca Sales
674	8	RS	XANGRI-LA
160	8	RS	ENCANTADO
590	8	PR	CALIFORNIA
462	8	SC	MORRO DA FUMACA
689	7	PR	RONDON
654	7	RS	SANTA ROSA
100006	6	RS	SAPIRANGA
669	6	RS	ARARICA
302	5	RS	GRAVATAI
612	5	RS	BOM PRINCIPIO
484	4	RS	CANGUCU
436	4	RS	CASCA
301	4	RS	SAPUCAIA DO SUL
464	4	SC	GUARACIABA
690	3	SP	ROSANA
100002	1	RS	SAPIRANGA
